system:index,L8,SA,SE,L7
LC08_002076_20150603_0,15282,35.025723,35.911125,14581.0
LC08_002076_20150603_1,7277,35.025723,35.911125,8078.0
LC08_002076_20150603_2,7202,35.025723,35.911125,8079.0
LC08_002076_20150603_3,7194,35.025723,35.911125,11269.0
LC08_002076_20150603_4,7244,35.025723,35.911125,8301.0
LC08_002076_20150603_5,10007,35.025723,35.911125,10681.0
LC08_002076_20150603_6,7172,35.025723,35.911125,8091.0
LC08_002076_20150603_7,13136,35.025723,35.911125,12889.0
LC08_002076_20150603_8,7182,35.025723,35.911125,8093.0
LC08_002076_20150603_9,7691,35.025723,35.911125,8489.0
LC08_219079_20150603_0,7268,34.08726,31.971306,7643.0
LC08_219079_20150603_1,7181,34.08726,31.971306,7446.0
LC08_219079_20150603_2,7194,34.08726,31.971306,7884.0
LC08_219079_20150603_3,7128,34.08726,31.971306,7675.0
LC08_219079_20150603_4,7199,34.08726,31.971306,7672.0
LC08_226078_20150604_0,18905,34.32182,33.168262,18284.0
LC08_226078_20150604_1,20271,34.32182,33.168262,18397.0
LC08_226078_20150604_2,17996,34.32182,33.168262,9964.0
LC08_226078_20150604_3,17271,34.32182,33.168262,9038.0
LC08_226078_20150604_4,17616,34.32182,33.168262,17524.0
LC08_226078_20150604_5,17315,34.32182,33.168262,17236.0
LC08_226078_20150604_6,14273,34.32182,33.168262,13416.0
LC08_226078_20150604_7,10656,34.32182,33.168262,15249.0
LC08_226078_20150604_8,12959,34.32182,33.168262,14117.0
LC08_226078_20150604_9,16894,34.32182,33.168262,16545.0
LC08_226078_20150604_10,16894,34.32182,33.168262,14809.0
LC08_226078_20150604_11,18533,34.32182,33.168262,17894.0
LC08_226078_20150604_12,10570,34.32182,33.168262,10905.0
LC08_226078_20150604_13,17088,34.32182,33.168262,15480.0
LC08_226078_20150604_14,17582,34.32182,33.168262,16718.0
LC08_226078_20150604_15,19129,34.32182,33.168262,18307.0
LC08_226078_20150604_16,17499,34.32182,33.168262,16742.0
LC08_226078_20150604_17,15240,34.32182,33.168262,16165.0
LC08_226078_20150604_18,9312,34.32182,33.168262,8513.0
LC08_226078_20150604_19,7588,34.32182,33.168262,8716.0
LC08_226078_20150604_20,7729,34.32182,33.168262,8298.0
LC08_226080_20150604_0,25398,33.803734,30.523548,12341.0
LC08_226080_20150604_1,33362,33.803734,30.523548,12621.0
LC08_226080_20150604_2,11498,33.803734,30.523548,16609.0
LC08_226080_20150604_3,10548,33.803734,30.523548,12799.0
LC08_226080_20150604_4,15086,33.803734,30.523548,9882.0
LC08_226080_20150604_5,30553,33.803734,30.523548,22165.0
LC08_226080_20150604_6,14044,33.803734,30.523548,10357.0
LC08_226080_20150604_7,11822,33.803734,30.523548,15885.0
LC08_226080_20150604_8,13764,33.803734,30.523548,20604.0
LC08_226080_20150604_9,20882,33.803734,30.523548,15954.0
LC08_226080_20150604_10,18083,33.803734,30.523548,15578.5
LC08_226080_20150604_11,18680,33.803734,30.523548,15566.0
LC08_226080_20150604_12,14121,33.803734,30.523548,13195.0
LC08_226080_20150604_13,14564,33.803734,30.523548,14603.5
LC08_226080_20150604_14,18632,33.803734,30.523548,16338.0
LC08_226080_20150604_15,16240,33.803734,30.523548,14844.0
LC08_226080_20150604_16,18537,33.803734,30.523548,12010.0
LC08_226081_20150604_0,15820,33.594975,29.19564,14917.0
LC08_226081_20150604_1,17277,33.594975,29.19564,16184.0
LC08_226081_20150604_2,10446,33.594975,29.19564,16243.0
LC08_226081_20150604_3,13659,33.594975,29.19564,13665.0
LC08_226081_20150604_4,16180,33.594975,29.19564,15919.0
LC08_226081_20150604_5,17654,33.594975,29.19564,17446.0
LC08_226081_20150604_6,12466,33.594975,29.19564,16315.0
LC08_226081_20150604_7,8615,33.594975,29.19564,9595.0
LC08_226081_20150604_8,17280,33.594975,29.19564,13267.0
LC08_226081_20150604_9,17058,33.594975,29.19564,17717.0
LC08_226081_20150604_10,13023,33.594975,29.19564,15457.0
LC08_226081_20150604_11,17110,33.594975,29.19564,16184.0
LC08_226081_20150604_12,17156,33.594975,29.19564,15503.0
LC08_226081_20150604_13,16909,33.594975,29.19564,15954.0
LC08_226081_20150604_14,16641,33.594975,29.19564,11384.0
LC08_226081_20150604_15,15967,33.594975,29.19564,10612.0
LC08_226081_20150604_16,16998,33.594975,29.19564,17277.0
LC08_226081_20150604_17,18034,33.594975,29.19564,17295.0
LC08_226081_20150604_18,16144,33.594975,29.19564,17200.0
LC08_226081_20150604_19,16960,33.594975,29.19564,16587.0
LC08_226081_20150604_20,14631,33.594975,29.19564,14371.0
LC08_226081_20150604_21,17637,33.594975,29.19564,17151.0
LC08_226081_20150604_22,13395,33.594975,29.19564,13421.0
LC08_226081_20150604_23,14612,33.594975,29.19564,13943.0
LC08_226081_20150604_24,15664,33.594975,29.19564,15766.0
LC08_226081_20150604_25,19600,33.594975,29.19564,16304.0
LC08_226081_20150604_26,19476,33.594975,29.19564,16276.0
LC08_226081_20150604_27,15732,33.594975,29.19564,15628.0
LC08_226081_20150604_28,13685,33.594975,29.19564,15079.0
LC08_226081_20150604_29,17067,33.594975,29.19564,11661.0
LC08_226081_20150604_30,20211,33.594975,29.19564,10627.0
LC08_226081_20150604_31,19583,33.594975,29.19564,15856.0
LC08_226081_20150604_32,16101,33.594975,29.19564,15270.0
LC08_226081_20150604_33,15783,33.594975,29.19564,16166.0
LC08_226081_20150604_34,16661,33.594975,29.19564,15250.0
LC08_226081_20150604_35,14481,33.594975,29.19564,14734.0
LC08_226081_20150604_36,17839,33.594975,29.19564,17688.0
LC08_226081_20150604_37,18108,33.594975,29.19564,17897.0
LC08_226081_20150604_38,16401,33.594975,29.19564,17970.0
LC08_226081_20150604_39,16554,33.594975,29.19564,13835.0
LC08_226081_20150604_40,18305,33.594975,29.19564,9605.0
LC08_226082_20150604_0,17832,33.418877,27.864742,17782.5
LC08_226082_20150604_1,16012,33.418877,27.864742,14588.5
LC08_226082_20150604_2,14443,33.418877,27.864742,16746.5
LC08_226082_20150604_3,14724,33.418877,27.864742,15905.0
LC08_226082_20150604_4,16947,33.418877,27.864742,17075.0
LC08_226082_20150604_5,19547,33.418877,27.864742,19084.5
LC08_226082_20150604_6,16856,33.418877,27.864742,19498.0
LC08_226082_20150604_7,17996,33.418877,27.864742,14851.0
LC08_226082_20150604_8,15013,33.418877,27.864742,18044.0
LC08_226082_20150604_9,19969,33.418877,27.864742,15978.0
LC08_226082_20150604_10,17336,33.418877,27.864742,13665.0
LC08_226082_20150604_11,14736,33.418877,27.864742,15124.0
LC08_226082_20150604_12,12713,33.418877,27.864742,14555.0
LC08_226082_20150604_13,20255,33.418877,27.864742,20438.0
LC08_226082_20150604_14,14956,33.418877,27.864742,13374.0
LC08_226082_20150604_15,22699,33.418877,27.864742,10947.0
LC08_226082_20150604_16,14685,33.418877,27.864742,17047.0
LC08_226082_20150604_17,11917,33.418877,27.864742,12451.0
LC08_226082_20150604_18,18054,33.418877,27.864742,15759.0
LC08_226082_20150604_19,19130,33.418877,27.864742,21266.0
LC08_226082_20150604_20,17232,33.418877,27.864742,11883.0
LC08_226082_20150604_21,18419,33.418877,27.864742,18111.0
LC08_226082_20150604_22,16453,33.418877,27.864742,17262.0
LC08_226082_20150604_23,16650,33.418877,27.864742,14843.0
LC08_226082_20150604_24,15403,33.418877,27.864742,17272.0
LC08_226082_20150604_25,14768,33.418877,27.864742,15512.5
LC08_226082_20150604_26,14267,33.418877,27.864742,14225.5
LC08_226082_20150604_27,14196,33.418877,27.864742,14516.0
LC08_226082_20150604_28,16375,33.418877,27.864742,14844.0
LC08_226082_20150604_29,14906,33.418877,27.864742,13699.0
LC08_226082_20150604_30,15573,33.418877,27.864742,14363.0
LC08_226083_20150604_0,18156,33.27488,26.53158,17083.5
LC08_226083_20150604_1,8914,33.27488,26.53158,9230.0
LC08_226083_20150604_2,19598,33.27488,26.53158,19447.5
LC08_226083_20150604_3,8856,33.27488,26.53158,9069.0
LC08_226083_20150604_4,16015,33.27488,26.53158,15106.0
LC08_226083_20150604_5,15946,33.27488,26.53158,16126.0
LC08_226083_20150604_6,18203,33.27488,26.53158,16952.5
LC08_226083_20150604_7,16043,33.27488,26.53158,16300.5
LC08_226083_20150604_8,17721,33.27488,26.53158,16466.5
LC08_226083_20150604_9,14962,33.27488,26.53158,12599.0
LC08_226083_20150604_10,8738,33.27488,26.53158,9406.0
LC08_226083_20150604_11,18667,33.27488,26.53158,17450.5
LC08_226083_20150604_12,16220,33.27488,26.53158,15628.5
LC08_226083_20150604_13,8732,33.27488,26.53158,9412.5
LC08_226083_20150604_14,16319,33.27488,26.53158,15985.0
LC08_226083_20150604_15,7983,33.27488,26.53158,8147.5
LC08_226083_20150604_16,8707,33.27488,26.53158,9248.0
LC08_226083_20150604_17,11704,33.27488,26.53158,11952.5
LC08_226083_20150604_18,16702,33.27488,26.53158,15471.0
LC08_226083_20150604_19,17090,33.27488,26.53158,16142.0
LC08_226083_20150604_20,18032,33.27488,26.53158,17020.0
LC08_226083_20150604_21,15870,33.27488,26.53158,14794.0
LC08_226083_20150604_22,13098,33.27488,26.53158,12799.0
LC08_226083_20150604_23,18096,33.27488,26.53158,17026.0
LC08_226083_20150604_24,14201,33.27488,26.53158,12472.0
LC08_226083_20150604_25,8837,33.27488,26.53158,9419.0
LC08_226083_20150604_26,10124,33.27488,26.53158,9590.0
LC08_226083_20150604_27,15783,33.27488,26.53158,15328.0
LC08_226083_20150604_28,15419,33.27488,26.53158,14513.0
LC08_226083_20150604_29,11003,33.27488,26.53158,13499.0
LC08_226083_20150604_30,20513,33.27488,26.53158,19751.0
LC08_226083_20150604_31,18944,33.27488,26.53158,17405.0
LC08_226083_20150604_32,15555,33.27488,26.53158,15383.0
LC08_226083_20150604_33,15411,33.27488,26.53158,14520.0
LC08_226083_20150604_34,19529,33.27488,26.53158,17980.0
LC08_226083_20150604_35,16339,33.27488,26.53158,15991.0
LC08_226083_20150604_36,13468,33.27488,26.53158,13768.0
LC08_226083_20150604_37,15454,33.27488,26.53158,14967.0
LC08_226083_20150604_38,15531,33.27488,26.53158,14897.0
LC08_226083_20150604_39,9304,33.27488,26.53158,9605.0
LC08_226083_20150604_40,18115,33.27488,26.53158,16773.0
LC08_226083_20150604_41,9412,33.27488,26.53158,9606.0
LC08_226083_20150604_42,17603,33.27488,26.53158,16447.0
LC08_226083_20150604_43,13929,33.27488,26.53158,13911.0
LC08_226083_20150604_44,20614,33.27488,26.53158,19717.0
LC08_226083_20150604_45,13757,33.27488,26.53158,13580.0
LC08_226083_20150604_46,14035,33.27488,26.53158,13920.0
LC08_226083_20150604_47,18664,33.27488,26.53158,18347.0
LC08_226083_20150604_48,20202,33.27488,26.53158,18560.0
LC08_226083_20150604_49,8866,33.27488,26.53158,8747.0
LC08_226083_20150604_50,11038,33.27488,26.53158,10284.0
LC08_226083_20150604_51,16160,33.27488,26.53158,14878.0
LC08_226083_20150604_52,9690,33.27488,26.53158,9609.0
LC08_226083_20150604_53,16093,33.27488,26.53158,15225.0
LC08_226083_20150604_54,9808,33.27488,26.53158,9780.0
LC08_226083_20150604_55,23957,33.27488,26.53158,23024.0
LC08_226083_20150604_56,16105,33.27488,26.53158,15917.0
LC08_226083_20150604_57,16957,33.27488,26.53158,17527.0
LC08_226083_20150604_58,11941,33.27488,26.53158,11703.0
LC08_226083_20150604_59,17738,33.27488,26.53158,16885.0
LC08_226083_20150604_60,13776,33.27488,26.53158,13272.0
LC08_226083_20150604_61,14607,33.27488,26.53158,14142.0
LC08_226083_20150604_62,12456,33.27488,26.53158,12243.0
LC08_226083_20150604_63,19463,33.27488,26.53158,18519.0
LC08_226083_20150604_64,15979,33.27488,26.53158,15523.0
LC08_226083_20150604_65,19619,33.27488,26.53158,19137.0
LC08_226083_20150604_66,14781,33.27488,26.53158,14662.0
LC08_226083_20150604_67,14179,33.27488,26.53158,13980.0
LC08_226083_20150604_68,16733,33.27488,26.53158,15543.0
LC08_226083_20150604_69,17936,33.27488,26.53158,17272.0
LC08_226083_20150604_70,19962,33.27488,26.53158,19028.0
LC08_226083_20150604_71,17261,33.27488,26.53158,16823.0
LC08_226083_20150604_72,13709,33.27488,26.53158,13421.0
LC08_226083_20150604_73,12900,33.27488,26.53158,12387.0
LC08_226083_20150604_74,17323,33.27488,26.53158,17030.0
LC08_226083_20150604_75,14660,33.27488,26.53158,13904.0
LC08_226083_20150604_76,16072,33.27488,26.53158,15613.0
LC08_226083_20150604_77,18711,33.27488,26.53158,17847.0
LC08_226083_20150604_78,14651,33.27488,26.53158,14112.0
LC08_226083_20150604_79,13934,33.27488,26.53158,13920.0
LC08_226083_20150604_80,15243,33.27488,26.53158,14793.0
LC08_226083_20150604_81,17925,33.27488,26.53158,17218.0
LC08_226083_20150604_82,16508,33.27488,26.53158,16859.0
LC08_226083_20150604_83,16228,33.27488,26.53158,15998.0
LC08_226083_20150604_84,18349,33.27488,26.53158,19275.0
LC08_226083_20150604_85,19069,33.27488,26.53158,19100.0
LC08_226083_20150604_86,19593,33.27488,26.53158,19475.0
LC08_226083_20150604_87,15667,33.27488,26.53158,15398.0
LC08_226083_20150604_88,18914,33.27488,26.53158,18503.0
LC08_226083_20150604_89,16108,33.27488,26.53158,15568.0
LC08_226083_20150604_90,15828,33.27488,26.53158,15350.0
LC08_226083_20150604_91,17606,33.27488,26.53158,17079.0
LC08_226083_20150604_92,15389,33.27488,26.53158,14859.0
LC08_226083_20150604_93,18324,33.27488,26.53158,16942.0
LC08_226083_20150604_94,17694,33.27488,26.53158,16772.0
LC08_226083_20150604_95,16224,33.27488,26.53158,15889.0
LC08_226084_20150604_0,15006,33.16269,25.195326,14972.0
LC08_226084_20150604_1,13531,33.16269,25.195326,13294.0
LC08_226084_20150604_2,16927,33.16269,25.195326,16679.5
LC08_226084_20150604_3,13902,33.16269,25.195326,14058.0
LC08_226084_20150604_4,15266,33.16269,25.195326,15359.0
LC08_226084_20150604_5,17309,33.16269,25.195326,16951.0
LC08_226084_20150604_6,14543,33.16269,25.195326,14259.0
LC08_226084_20150604_7,15554,33.16269,25.195326,15048.0
LC08_226084_20150604_8,13583,33.16269,25.195326,13557.0
LC08_226084_20150604_9,11476,33.16269,25.195326,11626.0
LC08_226084_20150604_10,15165,33.16269,25.195326,15299.0
LC08_226084_20150604_11,13279,33.16269,25.195326,13066.0
LC08_226084_20150604_12,16241,33.16269,25.195326,15871.0
LC08_226084_20150604_13,11743,33.16269,25.195326,11282.0
LC08_226084_20150604_14,21309,33.16269,25.195326,19705.0
LC08_226084_20150604_15,17268,33.16269,25.195326,16923.0
LC08_226084_20150604_16,16927,33.16269,25.195326,16264.0
LC08_226084_20150604_17,17521,33.16269,25.195326,16788.0
LC08_226084_20150604_18,13662,33.16269,25.195326,13595.0
LC08_226084_20150604_19,15260,33.16269,25.195326,14833.0
LC08_226084_20150604_20,25975,33.16269,25.195326,24374.0
LC08_226084_20150604_21,16158,33.16269,25.195326,15396.0
LC08_226084_20150604_22,13981,33.16269,25.195326,13794.0
LC08_226084_20150604_23,15483,33.16269,25.195326,15056.0
LC08_226084_20150604_24,16435,33.16269,25.195326,15408.0
LC08_226084_20150604_25,10315,33.16269,25.195326,10078.0
LC08_226084_20150604_26,15534,33.16269,25.195326,14686.0
LC08_226084_20150604_27,9655,33.16269,25.195326,10798.0
LC08_226084_20150604_28,16220,33.16269,25.195326,15949.0
LC08_226084_20150604_29,8529,33.16269,25.195326,9548.0
LC08_226084_20150604_30,15579,33.16269,25.195326,16163.0
LC08_226084_20150604_31,14822,33.16269,25.195326,14368.0
LC08_226084_20150604_32,11805,33.16269,25.195326,9561.0
LC08_226084_20150604_33,18001,33.16269,25.195326,17325.0
LC08_226084_20150604_34,14037,33.16269,25.195326,11822.0
LC08_226084_20150604_35,19532,33.16269,25.195326,18731.0
LC08_226084_20150604_36,14504,33.16269,25.195326,14334.0
LC08_226084_20150604_37,15352,33.16269,25.195326,15029.0
LC08_226084_20150604_38,18718,33.16269,25.195326,19608.0
LC08_226084_20150604_39,13590,33.16269,25.195326,13981.0
LC08_226084_20150604_40,17653,33.16269,25.195326,18231.0
LC08_226084_20150604_41,13967,33.16269,25.195326,14880.0
LC08_226084_20150604_42,15682,33.16269,25.195326,16651.0
LC08_226084_20150604_43,18801,33.16269,25.195326,18671.0
LC08_226084_20150604_44,14724,33.16269,25.195326,13696.0
LC08_226084_20150604_45,15067,33.16269,25.195326,15481.0
LC08_226084_20150604_46,15310,33.16269,25.195326,15842.0
LC08_226084_20150604_47,13647,33.16269,25.195326,13167.0
LC08_226084_20150604_48,16406,33.16269,25.195326,15494.0
LC08_226084_20150604_49,15500,33.16269,25.195326,15852.0
LC08_226084_20150604_50,12057,33.16269,25.195326,11369.0
LC08_226084_20150604_51,9156,33.16269,25.195326,10103.0
LC08_226084_20150604_52,17516,33.16269,25.195326,16766.0
LC08_226084_20150604_53,12737,33.16269,25.195326,12454.0
LC08_226084_20150604_54,17151,33.16269,25.195326,12449.0
LC08_226084_20150604_55,16843,33.16269,25.195326,15893.0
LC08_226084_20150604_56,13930,33.16269,25.195326,10655.0
LC08_226084_20150604_57,14858,33.16269,25.195326,14895.0
LC08_226084_20150604_58,14545,33.16269,25.195326,14376.0
LC08_226084_20150604_59,13107,33.16269,25.195326,14205.0
LC08_226084_20150604_60,14717,33.16269,25.195326,14911.0
LC08_226084_20150604_61,15785,33.16269,25.195326,12585.0
LC08_226084_20150604_62,14863,33.16269,25.195326,14928.0
LC08_226084_20150604_63,13564,33.16269,25.195326,14028.0
LC08_226084_20150604_64,14857,33.16269,25.195326,14956.0
LC08_226084_20150604_65,9677,33.16269,25.195326,10122.0
LC08_226084_20150604_66,19125,33.16269,25.195326,19265.0
LC08_226084_20150604_67,7741,33.16269,25.195326,9035.0
LC08_226084_20150604_68,17603,33.16269,25.195326,16641.0
LC08_226084_20150604_69,14827,33.16269,25.195326,14783.0
LC08_226084_20150604_70,14531,33.16269,25.195326,15185.0
LC08_226084_20150604_71,11576,33.16269,25.195326,14313.0
LC08_226085_20150604_0,10339,33.08206,23.857088,10346.0
LC08_226085_20150604_1,17139,33.08206,23.857088,10444.0
LC08_233076_20150605_0,16010,34.937862,35.680096,15623.0
LC08_233076_20150605_1,14648,34.937862,35.680096,14292.0
LC08_233076_20150605_2,20300,34.937862,35.680096,19273.5
LC08_233076_20150605_3,31015,34.937862,35.680096,24234.0
LC08_233076_20150605_4,17117,34.937862,35.680096,16957.0
LC08_233076_20150605_5,15217,34.937862,35.680096,14842.0
LC08_233076_20150605_6,15297,34.937862,35.680096,15235.0
LC08_233076_20150605_7,14385,34.937862,35.680096,14099.0
LC08_233076_20150605_8,12414,34.937862,35.680096,12552.0
LC08_233076_20150605_9,12061,34.937862,35.680096,12171.0
LC08_233076_20150605_10,16207,34.937862,35.680096,16007.0
LC08_233077_20150605_0,16302,34.592896,34.367626,16094.0
LC08_233077_20150605_1,13647,34.592896,34.367626,13490.5
LC08_233077_20150605_2,9844,34.592896,34.367626,10286.0
LC08_233077_20150605_3,14001,34.592896,34.367626,13976.0
LC08_233077_20150605_4,14259,34.592896,34.367626,13975.0
LC08_233077_20150605_5,14041,34.592896,34.367626,13976.0
LC08_233077_20150605_6,14636,34.592896,34.367626,14368.5
LC08_233077_20150605_7,16790,34.592896,34.367626,15927.5
LC08_233077_20150605_8,14657,34.592896,34.367626,14183.0
LC08_233077_20150605_9,15895,34.592896,34.367626,15542.0
LC08_233077_20150605_10,15784,34.592896,34.367626,15737.5
LC08_233077_20150605_11,18047,34.592896,34.367626,17328.0
LC08_233077_20150605_12,16455,34.592896,34.367626,15977.0
LC08_233077_20150605_13,15278,34.592896,34.367626,14995.0
LC08_233077_20150605_14,12473,34.592896,34.367626,12422.5
LC08_233077_20150605_15,16334,34.592896,34.367626,15922.0
LC08_233077_20150605_16,14033,34.592896,34.367626,14002.0
LC08_233077_20150605_17,13274,34.592896,34.367626,13453.0
LC08_233077_20150605_18,13072,34.592896,34.367626,13269.0
LC08_233077_20150605_19,17060,34.592896,34.367626,17220.0
LC08_233077_20150605_20,12089,34.592896,34.367626,12339.0
LC08_233077_20150605_21,16607,34.592896,34.367626,16873.0
LC08_233077_20150605_22,14345,34.592896,34.367626,14427.0
LC08_233077_20150605_23,13074,34.592896,34.367626,13495.0
LC08_233077_20150605_24,19291,34.592896,34.367626,18039.0
LC08_233077_20150605_25,14171,34.592896,34.367626,14255.0
LC08_233077_20150605_26,12794,34.592896,34.367626,13105.0
LC08_233077_20150605_27,19009,34.592896,34.367626,18774.0
LC08_233077_20150605_28,16382,34.592896,34.367626,15397.0
LC08_233077_20150605_29,15992,34.592896,34.367626,15788.0
LC08_233077_20150605_30,20120,34.592896,34.367626,19495.0
LC08_233077_20150605_31,16384,34.592896,34.367626,16198.0
LC08_233077_20150605_32,14887,34.592896,34.367626,14632.0
LC08_233077_20150605_33,14071,34.592896,34.367626,14046.0
LC08_233077_20150605_34,16790,34.592896,34.367626,16606.0
LC08_233077_20150605_35,18049,34.592896,34.367626,17761.0
LC08_233077_20150605_36,13099,34.592896,34.367626,13082.0
LC08_233077_20150605_37,12328,34.592896,34.367626,12295.0
LC08_233077_20150605_38,12701,34.592896,34.367626,12689.0
LC08_233077_20150605_39,13707,34.592896,34.367626,14008.0
LC08_233077_20150605_40,14476,34.592896,34.367626,14574.0
LC08_233077_20150605_41,12572,34.592896,34.367626,13082.0
LC08_233077_20150605_42,11760,34.592896,34.367626,12178.0
LC08_233077_20150605_43,12670,34.592896,34.367626,12774.0
LC08_233077_20150605_44,11849,34.592896,34.367626,12391.0
LC08_233077_20150605_45,17283,34.592896,34.367626,17305.0
LC08_233077_20150605_46,16245,34.592896,34.367626,16528.0
LC08_233077_20150605_47,13830,34.592896,34.367626,14078.0
LC08_233077_20150605_48,14287,34.592896,34.367626,14477.0
LC08_233077_20150605_49,17692,34.592896,34.367626,18017.0
LC08_233077_20150605_50,18387,34.592896,34.367626,18202.0
LC08_233077_20150605_51,16642,34.592896,34.367626,16454.0
LC08_233077_20150605_52,17915,34.592896,34.367626,16468.0
LC08_233077_20150605_53,16065,34.592896,34.367626,15683.0
LC08_233077_20150605_54,13865,34.592896,34.367626,13709.0
LC08_233077_20150605_55,19422,34.592896,34.367626,18825.0
LC08_233077_20150605_56,16051,34.592896,34.367626,15691.0
LC08_233077_20150605_57,16395,34.592896,34.367626,16046.0
LC08_233077_20150605_58,15347,34.592896,34.367626,14893.0
LC08_233077_20150605_59,14789,34.592896,34.367626,14696.0
LC08_233077_20150605_60,16515,34.592896,34.367626,16293.0
LC08_233077_20150605_61,18173,34.592896,34.367626,17881.0
LC08_233077_20150605_62,8389,34.592896,34.367626,8970.0
LC08_233077_20150605_63,14839,34.592896,34.367626,14917.0
LC08_233077_20150605_64,15804,34.592896,34.367626,15709.0
LC08_233077_20150605_65,15151,34.592896,34.367626,15120.0
LC08_233077_20150605_66,18272,34.592896,34.367626,18288.0
LC08_233077_20150605_67,13136,34.592896,34.367626,13146.0
LC08_233077_20150605_68,13753,34.592896,34.367626,13540.0
LC08_233077_20150605_69,15622,34.592896,34.367626,15720.0
LC08_233077_20150605_70,14344,34.592896,34.367626,14349.0
LC08_233077_20150605_71,17399,34.592896,34.367626,17301.0
LC08_233077_20150605_72,14669,34.592896,34.367626,14337.0
LC08_233077_20150605_73,14824,34.592896,34.367626,14947.0
LC08_233077_20150605_74,14152,34.592896,34.367626,13959.0
LC08_233077_20150605_75,17647,34.592896,34.367626,17331.0
LC08_233077_20150605_76,14873,34.592896,34.367626,14560.0
LC08_233077_20150605_77,19957,34.592896,34.367626,20027.0
LC08_233077_20150605_78,11032,34.592896,34.367626,11582.0
LC08_233077_20150605_79,10601,34.592896,34.367626,11971.0
LC08_233077_20150605_80,17576,34.592896,34.367626,17648.0
LC08_233077_20150605_81,11717,34.592896,34.367626,11852.0
LC08_233077_20150605_82,13310,34.592896,34.367626,13201.5
LC08_233077_20150605_83,11356,34.592896,34.367626,11676.5
LC08_233077_20150605_84,11024,34.592896,34.367626,11289.0
LC08_233077_20150605_85,17727,34.592896,34.367626,17626.0
LC08_233077_20150605_86,12978,34.592896,34.367626,13007.5
LC08_233077_20150605_87,12636,34.592896,34.367626,12805.0
LC08_233077_20150605_88,29305,34.592896,34.367626,28057.0
LC08_233077_20150605_89,13382,34.592896,34.367626,13580.0
LC08_233077_20150605_90,13941,34.592896,34.367626,13960.0
LC08_233077_20150605_91,13621,34.592896,34.367626,13965.0
LC08_233078_20150605_0,17198,34.28405,33.050636,17044.0
LC08_233078_20150605_1,16793,34.28405,33.050636,16243.5
LC08_233078_20150605_2,13205,34.28405,33.050636,13012.0
LC08_233078_20150605_3,15226,34.28405,33.050636,15047.0
LC08_233078_20150605_4,14057,34.28405,33.050636,14041.5
LC08_233078_20150605_5,16368,34.28405,33.050636,16272.5
LC08_233078_20150605_6,15190,34.28405,33.050636,15054.0
LC08_233078_20150605_7,14048,34.28405,33.050636,13847.5
LC08_233078_20150605_8,12460,34.28405,33.050636,12442.0
LC08_233078_20150605_9,12346,34.28405,33.050636,12456.0
LC08_233078_20150605_10,10939,34.28405,33.050636,11037.0
LC08_233078_20150605_11,13516,34.28405,33.050636,13477.0
LC08_233078_20150605_12,14404,34.28405,33.050636,14096.0
LC08_233078_20150605_13,12891,34.28405,33.050636,12868.0
LC08_233078_20150605_14,13544,34.28405,33.050636,13888.0
LC08_233078_20150605_15,11859,34.28405,33.050636,11856.0
LC08_233078_20150605_16,15351,34.28405,33.050636,15116.0
LC08_233078_20150605_17,13630,34.28405,33.050636,13899.0
LC08_233078_20150605_18,12841,34.28405,33.050636,12690.0
LC08_233078_20150605_19,14994,34.28405,33.050636,14919.0
LC08_233078_20150605_20,11675,34.28405,33.050636,12080.0
LC08_233078_20150605_21,14860,34.28405,33.050636,14531.0
LC08_233078_20150605_22,16636,34.28405,33.050636,14993.0
LC08_233078_20150605_23,33269,34.28405,33.050636,35700.0
LC08_233078_20150605_24,10302,34.28405,33.050636,10536.0
LC08_233078_20150605_25,10670,34.28405,33.050636,10725.0
LC08_233078_20150605_26,11844,34.28405,33.050636,11899.0
LC08_233078_20150605_27,10144,34.28405,33.050636,10533.0
LC08_233078_20150605_28,12906,34.28405,33.050636,13066.0
LC08_233078_20150605_29,9593,34.28405,33.050636,9559.0
LC08_233078_20150605_30,15111,34.28405,33.050636,14819.0
LC08_233078_20150605_31,14354,34.28405,33.050636,14240.0
LC08_233078_20150605_32,11771,34.28405,33.050636,11100.0
LC08_233078_20150605_33,12384,34.28405,33.050636,12673.0
LC08_233078_20150605_34,12933,34.28405,33.050636,12903.0
LC08_233078_20150605_35,13012,34.28405,33.050636,12926.0
LC08_233078_20150605_36,14954,34.28405,33.050636,14941.0
LC08_233078_20150605_37,13571,34.28405,33.050636,13316.0
LC08_233078_20150605_38,12607,34.28405,33.050636,12703.0
LC08_233078_20150605_39,13290,34.28405,33.050636,13320.0
LC08_233078_20150605_40,14411,34.28405,33.050636,14148.0
LC08_233078_20150605_41,14966,34.28405,33.050636,14965.0
LC08_233078_20150605_42,13406,34.28405,33.050636,13332.0
LC08_233078_20150605_43,14890,34.28405,33.050636,14735.0
LC08_233078_20150605_44,13502,34.28405,33.050636,13515.0
LC08_233078_20150605_45,13193,34.28405,33.050636,12693.0
LC08_233078_20150605_46,13603,34.28405,33.050636,13462.0
LC08_233078_20150605_47,15707,34.28405,33.050636,15777.0
LC08_233078_20150605_48,14691,34.28405,33.050636,14805.0
LC08_233078_20150605_49,13982,34.28405,33.050636,13670.0
LC08_233078_20150605_50,14435,34.28405,33.050636,13264.0
LC08_233078_20150605_51,14195,34.28405,33.050636,13866.0
LC08_233078_20150605_52,13887,34.28405,33.050636,13687.0
LC08_233078_20150605_53,14390,34.28405,33.050636,14261.0
LC08_233078_20150605_54,15885,34.28405,33.050636,16423.0
LC08_233078_20150605_55,18204,34.28405,33.050636,15107.0
LC08_233078_20150605_56,24436,34.28405,33.050636,18853.0
LC08_233078_20150605_57,13780,34.28405,33.050636,13557.0
LC08_233078_20150605_58,14852,34.28405,33.050636,14587.0
LC08_233078_20150605_59,14063,34.28405,33.050636,13771.0
LC08_233078_20150605_60,11459,34.28405,33.050636,11714.0
LC08_233078_20150605_61,14787,34.28405,33.050636,15012.0
LC08_233078_20150605_62,14439,34.28405,33.050636,13781.0
LC08_233078_20150605_63,18783,34.28405,33.050636,18093.0
LC08_233078_20150605_64,13541,34.28405,33.050636,13577.0
LC08_233078_20150605_65,23746,34.28405,33.050636,23223.0
LC08_233078_20150605_66,12999,34.28405,33.050636,12960.0
LC08_233078_20150605_67,17281,34.28405,33.050636,17221.0
LC08_233078_20150605_68,15526,34.28405,33.050636,16632.0
LC08_233078_20150605_69,14375,34.28405,33.050636,14703.0
LC08_233078_20150605_70,11827,34.28405,33.050636,11935.0
LC08_233078_20150605_71,11187,34.28405,33.050636,11740.0
LC08_233078_20150605_72,12435,34.28405,33.050636,12922.0
LC08_233078_20150605_73,15200,34.28405,33.050636,14719.0
LC08_233078_20150605_74,13370,34.28405,33.050636,12752.0
LC08_233078_20150605_75,13160,34.28405,33.050636,13352.0
LC08_233078_20150605_76,14920,34.28405,33.050636,15208.0
LC08_233078_20150605_77,22011,34.28405,33.050636,20783.0
LC08_233078_20150605_78,15822,34.28405,33.050636,15648.0
LC08_233078_20150605_79,14348,34.28405,33.050636,14197.0
LC08_233078_20150605_80,16847,34.28405,33.050636,16472.0
LC08_233078_20150605_81,14090,34.28405,33.050636,13995.0
LC08_233078_20150605_82,15235,34.28405,33.050636,15040.0
LC08_233078_20150605_83,15944,34.28405,33.050636,15863.0
LC08_233078_20150605_84,12586,34.28405,33.050636,12560.0
LC08_233078_20150605_85,14720,34.28405,33.050636,14631.0
LC08_233078_20150605_86,19435,34.28405,33.050636,18973.0
LC08_233078_20150605_87,21246,34.28405,33.050636,20819.0
LC08_233078_20150605_88,20851,34.28405,33.050636,19467.0
LC08_233078_20150605_89,14794,34.28405,33.050636,15937.0
LC08_233078_20150605_90,13417,34.28405,33.050636,13785.0
LC08_233078_20150605_91,16634,34.28405,33.050636,14952.0
LC08_233078_20150605_92,24222,34.28405,33.050636,23488.0
LC08_233078_20150605_93,19489,34.28405,33.050636,19306.0
LC08_233078_20150605_94,43094,34.28405,33.050636,36528.0
LC08_233079_20150605_0,15515,34.010166,31.729458,15116.0
LC08_233079_20150605_1,16292,34.010166,31.729458,15576.5
LC08_233079_20150605_2,13028,34.010166,31.729458,12861.0
LC08_233079_20150605_3,15472,34.010166,31.729458,15171.5
LC08_233079_20150605_4,10994,34.010166,31.729458,11605.5
LC08_233079_20150605_5,14831,34.010166,31.729458,14790.0
LC08_233079_20150605_6,11826,34.010166,31.729458,12043.0
LC08_233079_20150605_7,10254,34.010166,31.729458,10564.0
LC08_233079_20150605_8,14634,34.010166,31.729458,14602.0
LC08_233079_20150605_9,14800,34.010166,31.729458,14610.0
LC08_233079_20150605_10,9144,34.010166,31.729458,9921.0
LC08_233079_20150605_11,13669,34.010166,31.729458,13547.0
LC08_233079_20150605_12,41344,34.010166,31.729458,36691.0
LC08_233079_20150605_13,36745,34.010166,31.729458,29163.0
LC08_233079_20150605_14,32755,34.010166,31.729458,28354.0
LC08_233079_20150605_15,14413,34.010166,31.729458,14370.0
LC08_233079_20150605_16,10950,34.010166,31.729458,10984.0
LC08_233079_20150605_17,13792,34.010166,31.729458,14999.0
LC08_233079_20150605_18,16101,34.010166,31.729458,16062.0
LC08_233079_20150605_19,18047,34.010166,31.729458,17761.0
LC08_233079_20150605_20,18741,34.010166,31.729458,18845.0
LC08_233079_20150605_21,13478,34.010166,31.729458,13317.0
LC08_233079_20150605_22,16010,34.010166,31.729458,15536.0
LC08_233079_20150605_23,14086,34.010166,31.729458,14100.0
LC08_233079_20150605_24,13282,34.010166,31.729458,13260.0
LC08_233079_20150605_25,15658,34.010166,31.729458,15373.5
LC08_233079_20150605_26,16561,34.010166,31.729458,16430.5
LC08_233079_20150605_27,15134,34.010166,31.729458,15172.5
LC08_233079_20150605_28,14201,34.010166,31.729458,14192.0
LC08_233079_20150605_29,12879,34.010166,31.729458,13351.0
LC08_233079_20150605_30,18387,34.010166,31.729458,17806.0
LC08_233079_20150605_31,9228,34.010166,31.729458,9706.0
LC08_233079_20150605_32,12891,34.010166,31.729458,12986.0
LC08_233079_20150605_33,8067,34.010166,31.729458,8525.0
LC08_233079_20150605_34,7170,34.010166,31.729458,7844.0
LC08_233079_20150605_35,13513,34.010166,31.729458,12781.0
LC08_233079_20150605_36,13837,34.010166,31.729458,14122.0
LC08_233079_20150605_37,17736,34.010166,31.729458,16121.0
LC08_233079_20150605_38,15640,34.010166,31.729458,14623.0
LC08_233079_20150605_39,17222,34.010166,31.729458,17039.0
LC08_233079_20150605_40,9928,34.010166,31.729458,9863.0
LC08_233079_20150605_41,10527,34.010166,31.729458,10981.0
LC08_233079_20150605_42,11407,34.010166,31.729458,11430.0
LC08_233079_20150605_43,11011,34.010166,31.729458,10987.0
LC08_233079_20150605_44,14574,34.010166,31.729458,14552.0
LC08_233079_20150605_45,11944,34.010166,31.729458,12335.0
LC08_233079_20150605_46,15534,34.010166,31.729458,15233.0
LC08_233079_20150605_47,34083,34.010166,31.729458,24040.0
LC08_233079_20150605_48,9606,34.010166,31.729458,12659.0
LC08_233079_20150605_49,14957,34.010166,31.729458,15029.0
LC08_233079_20150605_50,19529,34.010166,31.729458,19469.0
LC08_233079_20150605_51,15647,34.010166,31.729458,15510.0
LC08_233079_20150605_52,16276,34.010166,31.729458,15945.0
LC08_233079_20150605_53,17473,34.010166,31.729458,16850.0
LC08_233079_20150605_54,23404,34.010166,31.729458,22163.0
LC08_233079_20150605_55,9293,34.010166,31.729458,11017.0
LC08_233079_20150605_56,15087,34.010166,31.729458,15073.0
LC08_233079_20150605_57,19483,34.010166,31.729458,19545.0
LC08_233079_20150605_58,18124,34.010166,31.729458,18223.0
LC08_233079_20150605_59,14613,34.010166,31.729458,14195.0
LC08_233079_20150605_60,16211,34.010166,31.729458,16599.0
LC08_233079_20150605_61,10685,34.010166,31.729458,11225.0
LC08_233079_20150605_62,15485,34.010166,31.729458,15536.0
LC08_233079_20150605_63,14464,34.010166,31.729458,14421.0
LC08_233079_20150605_64,35468,34.010166,31.729458,33762.0
LC08_233079_20150605_65,21368,34.010166,31.729458,14741.0
LC08_233079_20150605_66,10839,34.010166,31.729458,11050.0
LC08_233079_20150605_67,17070,34.010166,31.729458,17146.0
LC08_233079_20150605_68,20976,34.010166,31.729458,19611.0
LC08_233079_20150605_69,16684,34.010166,31.729458,17160.0
LC08_233079_20150605_70,26946,34.010166,31.729458,22130.0
LC08_233079_20150605_71,8315,34.010166,31.729458,11891.0
LC08_233079_20150605_72,13114,34.010166,31.729458,12689.0
LC08_233079_20150605_73,15282,34.010166,31.729458,10721.0
LC08_233079_20150605_74,15958,34.010166,31.729458,11516.5
LC08_233079_20150605_75,15239,34.010166,31.729458,13124.0
LC08_233079_20150605_76,13411,34.010166,31.729458,12799.0
LC08_233079_20150605_77,13071,34.010166,31.729458,11303.5
LC08_233079_20150605_78,13759,34.010166,31.729458,10665.0
LC08_233079_20150605_79,15160,34.010166,31.729458,12172.0
LC08_233079_20150605_80,13666,34.010166,31.729458,9387.0
LC08_233079_20150605_81,15768,34.010166,31.729458,14762.0
LC08_233079_20150605_82,12027,34.010166,31.729458,9652.0
LC08_233079_20150605_83,11471,34.010166,31.729458,9432.0
LC08_233079_20150605_84,13049,34.010166,31.729458,12609.5
LC08_233079_20150605_85,18892,34.010166,31.729458,16424.0
LC08_233079_20150605_86,17404,34.010166,31.729458,16859.0
LC08_233079_20150605_87,10520,34.010166,31.729458,11526.5
LC08_233080_20150605_0,15841,33.770363,30.40497,15051.5
LC08_233080_20150605_1,11236,33.770363,30.40497,12007.5
LC08_233080_20150605_2,15167,33.770363,30.40497,15259.0
LC08_233080_20150605_3,18937,33.770363,30.40497,17976.0
LC08_233080_20150605_4,12213,33.770363,30.40497,12336.0
LC08_233080_20150605_5,10586,33.770363,30.40497,11235.0
LC08_233080_20150605_6,12107,33.770363,30.40497,12571.0
LC08_233080_20150605_7,13980,33.770363,30.40497,14674.0
LC08_233080_20150605_8,15413,33.770363,30.40497,15787.0
LC08_233080_20150605_9,15126,33.770363,30.40497,14910.0
LC08_233080_20150605_10,13796,33.770363,30.40497,14918.0
LC08_233080_20150605_11,17798,33.770363,30.40497,16921.0
LC08_233080_20150605_12,16533,33.770363,30.40497,15609.0
LC08_233080_20150605_13,17780,33.770363,30.40497,17367.0
LC08_233080_20150605_14,19654,33.770363,30.40497,17829.0
LC08_233080_20150605_15,11590,33.770363,30.40497,11802.5
LC08_233080_20150605_16,13989,33.770363,30.40497,13841.5
LC08_233080_20150605_17,13341,33.770363,30.40497,13585.0
LC08_233080_20150605_18,15462,33.770363,30.40497,15569.0
LC08_233080_20150605_19,15790,33.770363,30.40497,15596.0
LC08_233080_20150605_20,22672,33.770363,30.40497,21797.0
LC08_233080_20150605_21,11094,33.770363,30.40497,8726.0
LC08_233080_20150605_22,10605,33.770363,30.40497,8512.0
LC08_233080_20150605_23,17491,33.770363,30.40497,17632.0
LC08_233080_20150605_24,14079,33.770363,30.40497,14305.0
LC08_233080_20150605_25,13238,33.770363,30.40497,13638.0
LC08_233080_20150605_26,13343,33.770363,30.40497,13192.0
LC08_233080_20150605_27,14403,33.770363,30.40497,14756.0
LC08_233080_20150605_28,15842,33.770363,30.40497,15664.0
LC08_233080_20150605_29,19796,33.770363,30.40497,19166.0
LC08_233080_20150605_30,10182,33.770363,30.40497,10964.0
LC08_233080_20150605_31,9697,33.770363,30.40497,10090.0
LC08_233080_20150605_32,13024,33.770363,30.40497,12742.0
LC08_233080_20150605_33,14503,33.770363,30.40497,13859.0
LC08_233080_20150605_34,16553,33.770363,30.40497,16967.0
LC08_233080_20150605_35,12075,33.770363,30.40497,12302.0
LC08_233080_20150605_36,23135,33.770363,30.40497,22289.0
LC08_233080_20150605_37,14970,33.770363,30.40497,15196.0
LC08_233080_20150605_38,24822,33.770363,30.40497,24487.0
LC08_233080_20150605_39,7942,33.770363,30.40497,10983.0
LC08_233080_20150605_40,7925,33.770363,30.40497,8943.0
LC08_233080_20150605_41,15240,33.770363,30.40497,15438.0
LC08_233080_20150605_42,12960,33.770363,30.40497,13244.0
LC08_233080_20150605_43,16380,33.770363,30.40497,16591.0
LC08_233080_20150605_44,12829,33.770363,30.40497,13018.0
LC08_233080_20150605_45,14257,33.770363,30.40497,14347.0
LC08_233080_20150605_46,14450,33.770363,30.40497,17697.0
LC08_233080_20150605_47,10007,33.770363,30.40497,10344.0
LC08_233080_20150605_48,13986,33.770363,30.40497,13473.0
LC08_233080_20150605_49,15379,33.770363,30.40497,15276.0
LC08_233080_20150605_50,14343,33.770363,30.40497,11849.0
LC08_233080_20150605_51,11135,33.770363,30.40497,13224.0
LC08_233080_20150605_52,13832,33.770363,30.40497,13935.0
LC08_233080_20150605_53,12512,33.770363,30.40497,12826.0
LC08_233080_20150605_54,14163,33.770363,30.40497,14861.0
LC08_233080_20150605_55,16293,33.770363,30.40497,15323.0
LC08_233080_20150605_56,9964,33.770363,30.40497,10337.0
LC08_233080_20150605_57,27021,33.770363,30.40497,26728.0
LC08_233080_20150605_58,21126,33.770363,30.40497,17921.0
LC08_233080_20150605_59,10819,33.770363,30.40497,12975.0
LC08_233080_20150605_60,17721,33.770363,30.40497,17688.0
LC08_233080_20150605_61,17076,33.770363,30.40497,16119.0
LC08_233080_20150605_62,11302,33.770363,30.40497,12768.0
LC08_233080_20150605_63,24563,33.770363,30.40497,24830.0
LC08_233080_20150605_64,13557,33.770363,30.40497,14351.0
LC08_233080_20150605_65,21085,33.770363,30.40497,21045.0
LC08_233080_20150605_66,25345,33.770363,30.40497,25267.0
LC08_233080_20150605_67,18320,33.770363,30.40497,19040.0
LC08_233080_20150605_68,25161,33.770363,30.40497,25041.0
LC08_233080_20150605_69,16134,33.770363,30.40497,14381.0
LC08_233080_20150605_70,19281,33.770363,30.40497,19482.0
LC08_233080_20150605_71,13247,33.770363,30.40497,13447.0
LC08_233080_20150605_72,17971,33.770363,30.40497,16142.0
LC08_233080_20150605_73,17844,33.770363,30.40497,17491.0
LC08_233080_20150605_74,16516,33.770363,30.40497,14371.0
LC08_233080_20150605_75,19782,33.770363,30.40497,18848.0
LC08_233080_20150605_76,19052,33.770363,30.40497,17995.0
LC08_233080_20150605_77,12065,33.770363,30.40497,12349.0
LC08_233080_20150605_78,14097,33.770363,30.40497,13947.0
LC08_233080_20150605_79,17390,33.770363,30.40497,17289.0
LC08_233080_20150605_80,7270,33.770363,30.40497,9236.0
LC08_233080_20150605_81,9859,33.770363,30.40497,9720.0
LC08_233080_20150605_82,8220,33.770363,30.40497,9230.0
LC08_233080_20150605_83,7555,33.770363,30.40497,8365.0
LC08_233080_20150605_84,18686,33.770363,30.40497,18427.0
LC08_233080_20150605_85,14400,33.770363,30.40497,14640.0
LC08_233080_20150605_86,10727,33.770363,30.40497,11470.0
LC08_233080_20150605_87,12989,33.770363,30.40497,12817.0
LC08_233080_20150605_88,12727,33.770363,30.40497,12814.0
LC08_233080_20150605_89,9388,33.770363,30.40497,10577.0
LC08_233080_20150605_90,15145,33.770363,30.40497,13720.0
LC08_233080_20150605_91,15698,33.770363,30.40497,15778.0
LC08_233080_20150605_92,16862,33.770363,30.40497,16008.0
LC08_233080_20150605_93,11302,33.770363,30.40497,12162.0
LC08_233080_20150605_94,17405,33.770363,30.40497,17143.0
LC08_233080_20150605_95,14880,33.770363,30.40497,15088.0
LC08_233080_20150605_96,16532,33.770363,30.40497,15794.0
LC08_233080_20150605_97,11841,33.770363,30.40497,11112.0
LC08_233080_20150605_98,16120,33.770363,30.40497,16061.5
LC08_233080_20150605_99,12912,33.770363,30.40497,11579.5
LC08_233080_20150605_100,15228,33.770363,30.40497,15005.5
LC08_233080_20150605_101,12273,33.770363,30.40497,11318.0
LC08_233080_20150605_102,14608,33.770363,30.40497,16013.0
LC08_233081_20150605_0,17000,33.563663,29.076942,18612.0
LC08_233081_20150605_1,9305,33.563663,29.076942,11068.0
LC08_233081_20150605_2,15272,33.563663,29.076942,15740.0
LC08_233081_20150605_3,7247,33.563663,29.076942,10341.5
LC08_233081_20150605_4,11117,33.563663,29.076942,13939.0
LC08_233081_20150605_5,8295,33.563663,29.076942,11298.0
LC08_233081_20150605_6,15825,33.563663,29.076942,15141.0
LC08_233081_20150605_7,14156,33.563663,29.076942,14656.0
LC08_233081_20150605_8,14064,33.563663,29.076942,12986.0
LC08_233081_20150605_9,11181,33.563663,29.076942,11883.0
LC08_233081_20150605_10,15642,33.563663,29.076942,15742.5
LC08_233081_20150605_11,20385,33.563663,29.076942,18628.0
LC08_233081_20150605_12,11274,33.563663,29.076942,12578.0
LC08_233081_20150605_13,12347,33.563663,29.076942,12592.0
LC08_233081_20150605_14,13159,33.563663,29.076942,14478.0
LC08_233081_20150605_15,7873,33.563663,29.076942,11071.0
LC08_233081_20150605_16,14893,33.563663,29.076942,15396.0
LC08_233081_20150605_17,12864,33.563663,29.076942,13013.0
LC08_233081_20150605_18,12245,33.563663,29.076942,14303.0
LC08_233081_20150605_19,7687,33.563663,29.076942,12841.0
LC08_233081_20150605_20,19317,33.563663,29.076942,16830.0
LC08_233081_20150605_21,17868,33.563663,29.076942,18834.0
LC08_233081_20150605_22,15602,33.563663,29.076942,14969.0
LC08_233081_20150605_23,13117,33.563663,29.076942,14567.0
LC08_233081_20150605_24,10169,33.563663,29.076942,10945.0
LC08_233081_20150605_25,16404,33.563663,29.076942,17248.0
LC08_233081_20150605_26,12005,33.563663,29.076942,12152.0
LC08_233081_20150605_27,19729,33.563663,29.076942,19157.0
LC08_233081_20150605_28,18192,33.563663,29.076942,18540.0
LC08_233081_20150605_29,17929,33.563663,29.076942,17482.0
LC08_233081_20150605_30,13683,33.563663,29.076942,14089.0
LC08_233081_20150605_31,13997,33.563663,29.076942,14009.0
LC08_233081_20150605_32,11788,33.563663,29.076942,13062.0
LC08_233081_20150605_33,13986,33.563663,29.076942,13778.0
LC08_233081_20150605_34,17463,33.563663,29.076942,17183.0
LC08_233081_20150605_35,11348,33.563663,29.076942,11657.0
LC08_233081_20150605_36,12471,33.563663,29.076942,12875.0
LC08_233081_20150605_37,10939,33.563663,29.076942,13262.0
LC08_233081_20150605_38,16010,33.563663,29.076942,16043.0
LC08_233081_20150605_39,11744,33.563663,29.076942,12165.0
LC08_233081_20150605_40,16456,33.563663,29.076942,16681.0
LC08_233081_20150605_41,13612,33.563663,29.076942,13599.0
LC08_233081_20150605_42,12772,33.563663,29.076942,12890.0
LC08_233081_20150605_43,21227,33.563663,29.076942,20484.0
LC08_233081_20150605_44,16841,33.563663,29.076942,17669.0
LC08_233081_20150605_45,13779,33.563663,29.076942,14101.0
LC08_233081_20150605_46,12069,33.563663,29.076942,12673.0
LC08_233081_20150605_47,13777,33.563663,29.076942,14113.0
LC08_233081_20150605_48,13605,33.563663,29.076942,14123.0
LC08_233081_20150605_49,17611,33.563663,29.076942,17930.0
LC08_233081_20150605_50,14110,33.563663,29.076942,14593.0
LC08_233081_20150605_51,10019,33.563663,29.076942,10243.0
LC08_233081_20150605_52,12493,33.563663,29.076942,12424.0
LC08_233081_20150605_53,13627,33.563663,29.076942,14116.0
LC08_233081_20150605_54,11881,33.563663,29.076942,12450.0
LC08_233081_20150605_55,14812,33.563663,29.076942,15090.0
LC08_233081_20150605_56,14472,33.563663,29.076942,14611.0
LC08_233081_20150605_57,13287,33.563663,29.076942,13653.0
LC08_233081_20150605_58,13243,33.563663,29.076942,13667.0
LC08_233081_20150605_59,12393,33.563663,29.076942,12479.0
LC08_233081_20150605_60,12281,33.563663,29.076942,12476.0
LC08_233081_20150605_61,15046,33.563663,29.076942,15622.0
LC08_233081_20150605_62,11863,33.563663,29.076942,12244.0
LC08_233081_20150605_63,12012,33.563663,29.076942,12241.0
LC08_233081_20150605_64,12200,33.563663,29.076942,12005.0
LC08_233081_20150605_65,14123,33.563663,29.076942,14174.0
LC08_233081_20150605_66,9663,33.563663,29.076942,10314.0
LC08_233081_20150605_67,13784,33.563663,29.076942,13923.0
LC08_233081_20150605_68,11106,33.563663,29.076942,11540.0
LC08_233081_20150605_69,14991,33.563663,29.076942,15387.0
LC08_233081_20150605_70,11615,33.563663,29.076942,12124.0
LC08_233081_20150605_71,13627,33.563663,29.076942,13539.0
LC08_233081_20150605_72,19453,33.563663,29.076942,17756.0
LC08_233081_20150605_73,13361,33.563663,29.076942,12130.0
LC08_233081_20150605_74,13811,33.563663,29.076942,14725.0
LC08_233081_20150605_75,8707,33.563663,29.076942,12127.0
LC08_233081_20150605_76,11562,33.563663,29.076942,12207.0
LC08_233081_20150605_77,11877,33.563663,29.076942,12210.0
LC08_233081_20150605_78,11289,33.563663,29.076942,11497.0
LC08_233081_20150605_79,17167,33.563663,29.076942,14934.0
LC08_233081_20150605_80,9624,33.563663,29.076942,12115.0
LC08_233081_20150605_81,7697,33.563663,29.076942,12344.0
LC08_233081_20150605_82,14541,33.563663,29.076942,15187.0
LC08_233081_20150605_83,15400,33.563663,29.076942,16373.0
LC08_233081_20150605_84,13231,33.563663,29.076942,14246.0
LC08_233081_20150605_85,15920,33.563663,29.076942,15206.0
LC08_233081_20150605_86,14800,33.563663,29.076942,15460.0
LC08_233081_20150605_87,8843,33.563663,29.076942,9242.0
LC08_233081_20150605_88,12320,33.563663,29.076942,12745.0
LC08_233081_20150605_89,12429,33.563663,29.076942,12502.0
LC08_233081_20150605_90,13464,33.563663,29.076942,13501.5
LC08_233081_20150605_91,11753,33.563663,29.076942,12298.5
LC08_233081_20150605_92,12955,33.563663,29.076942,13518.5
LC08_233081_20150605_93,13635,33.563663,29.076942,14030.0
LC08_233082_20150605_0,18224,33.389477,27.745743,19316.0
LC08_233082_20150605_1,13004,33.389477,27.745743,17033.0
LC08_233082_20150605_2,22600,33.389477,27.745743,20037.0
LC08_233082_20150605_3,10269,33.389477,27.745743,15288.0
LC08_233082_20150605_4,7761,33.389477,27.745743,12008.0
LC08_233082_20150605_5,13671,33.389477,27.745743,14297.0
LC08_233082_20150605_6,7263,33.389477,27.745743,11255.0
LC08_233082_20150605_7,12312,33.389477,27.745743,14318.0
LC08_233082_20150605_8,13292,33.389477,27.745743,15070.0
LC08_233082_20150605_9,14306,33.389477,27.745743,15587.0
LC08_233082_20150605_10,13622,33.389477,27.745743,14829.0
LC08_233082_20150605_11,18379,33.389477,27.745743,19307.0
LC08_233082_20150605_12,13835,33.389477,27.745743,14917.5
LC08_233082_20150605_13,9236,33.389477,27.745743,14066.0
LC08_233082_20150605_14,14857,33.389477,27.745743,15842.0
LC08_233082_20150605_15,14320,33.389477,27.745743,16669.0
LC08_233082_20150605_16,7243,33.389477,27.745743,13354.0
LC08_233082_20150605_17,10867,33.389477,27.745743,12330.0
LC08_233082_20150605_18,15073,33.389477,27.745743,16961.0
LC08_233082_20150605_19,11663,33.389477,27.745743,16722.0
LC08_233082_20150605_20,13296,33.389477,27.745743,15976.0
LC08_233082_20150605_21,15788,33.389477,27.745743,16103.0
LC08_233082_20150605_22,15348,33.389477,27.745743,16084.0
LC08_233082_20150605_23,16028,33.389477,27.745743,16106.0
LC08_233082_20150605_24,16330,33.389477,27.745743,16602.0
LC08_233082_20150605_25,16286,33.389477,27.745743,16889.0
LC08_233082_20150605_26,14239,33.389477,27.745743,14637.0
LC08_233082_20150605_27,13791,33.389477,27.745743,14382.0
LC08_233082_20150605_28,14301,33.389477,27.745743,14640.0
LC08_233082_20150605_29,14339,33.389477,27.745743,14671.0
LC08_233082_20150605_30,15270,33.389477,27.745743,15626.0
LC08_233082_20150605_31,14280,33.389477,27.745743,14681.0
LC08_233082_20150605_32,11589,33.389477,27.745743,11891.0
LC08_233082_20150605_33,13001,33.389477,27.745743,13141.0
LC08_233082_20150605_34,13858,33.389477,27.745743,14158.0
LC08_233082_20150605_35,14075,33.389477,27.745743,14436.0
LC08_233082_20150605_36,7227,33.389477,27.745743,11526.0
LC08_233082_20150605_37,11520,33.389477,27.745743,13372.0
LC08_233082_20150605_38,13517,33.389477,27.745743,16011.0
LC08_233082_20150605_39,13187,33.389477,27.745743,15227.0
LC08_233082_20150605_40,9114,33.389477,27.745743,13930.0
LC08_233082_20150605_41,19945,33.389477,27.745743,19239.0
LC08_233082_20150605_42,14741,33.389477,27.745743,16320.0
LC08_233082_20150605_43,9184,33.389477,27.745743,13676.0
LC08_233082_20150605_44,7275,33.389477,27.745743,12614.0
LC08_233082_20150605_45,10684,33.389477,27.745743,14497.0
LC08_233082_20150605_46,7168,33.389477,27.745743,14505.0
LC08_233082_20150605_47,11745,33.389477,27.745743,15035.0
LC08_233082_20150605_48,13627,33.389477,27.745743,15308.0
LC08_233082_20150605_49,11372,33.389477,27.745743,12167.0
LC08_233082_20150605_50,13535,33.389477,27.745743,13439.0
LC08_233082_20150605_51,14423,33.389477,27.745743,14200.0
LC08_233082_20150605_52,12749,33.389477,27.745743,13177.0
LC08_233082_20150605_53,12915,33.389477,27.745743,12933.0
LC08_233082_20150605_54,11363,33.389477,27.745743,11962.0
LC08_233082_20150605_55,13091,33.389477,27.745743,13232.0
LC08_233082_20150605_56,12642,33.389477,27.745743,12907.0
LC08_233082_20150605_57,11380,33.389477,27.745743,11935.0
LC08_233082_20150605_58,14686,33.389477,27.745743,14695.0
LC08_233082_20150605_59,14992,33.389477,27.745743,15229.0
LC08_233082_20150605_60,15389,33.389477,27.745743,15982.0
LC08_233082_20150605_61,7279,33.389477,27.745743,12854.0
LC08_233082_20150605_62,16760,33.389477,27.745743,15832.0
LC08_233082_20150605_63,9029,33.389477,27.745743,13171.0
LC08_233082_20150605_64,7262,33.389477,27.745743,12638.0
LC08_233082_20150605_65,10497,33.389477,27.745743,12398.0
LC08_233082_20150605_66,17082,33.389477,27.745743,15597.0
LC08_233082_20150605_67,9986,33.389477,27.745743,12393.0
LC08_233082_20150605_68,13526,33.389477,27.745743,18232.0
LC08_233082_20150605_69,9762,33.389477,27.745743,12671.0
LC08_233082_20150605_70,7885,33.389477,27.745743,13205.0
LC08_233082_20150605_71,16054,33.389477,27.745743,17731.0
LC08_233082_20150605_72,9953,33.389477,27.745743,15342.0
LC08_233082_20150605_73,7862,33.389477,27.745743,13731.0
LC08_233082_20150605_74,14922,33.389477,27.745743,15507.0
LC08_233082_20150605_75,15146,33.389477,27.745743,16008.0
LC08_233082_20150605_76,13706,33.389477,27.745743,13996.0
LC08_233082_20150605_77,10410,33.389477,27.745743,10713.0
LC08_233082_20150605_78,11912,33.389477,27.745743,12281.0
LC08_233082_20150605_79,9656,33.389477,27.745743,12655.0
LC08_233082_20150605_80,11478,33.389477,27.745743,17773.0
LC08_233082_20150605_81,10578,33.389477,27.745743,15015.0
LC08_233082_20150605_82,13299,33.389477,27.745743,16624.0
LC08_233082_20150605_83,13864,33.389477,27.745743,16408.0
LC08_233082_20150605_84,15239,33.389477,27.745743,15755.0
LC08_233082_20150605_85,15636,33.389477,27.745743,15977.0
LC08_233082_20150605_86,14314,33.389477,27.745743,14487.0
LC08_233082_20150605_87,15462,33.389477,27.745743,15515.0
LC08_233082_20150605_88,8799,33.389477,27.745743,9209.0
LC08_233082_20150605_89,15304,33.389477,27.745743,15242.0
LC08_233082_20150605_90,14358,33.389477,27.745743,14747.0
LC08_233082_20150605_91,15593,33.389477,27.745743,16014.0
LC08_233082_20150605_92,16508,33.389477,27.745743,16814.0
LC08_233082_20150605_93,19364,33.389477,27.745743,20080.0
LC08_233082_20150605_94,7733,33.389477,27.745743,8226.0
LC08_233082_20150605_95,11272,33.389477,27.745743,11733.0
LC08_233082_20150605_96,12884,33.389477,27.745743,13203.0
LC08_233082_20150605_97,18018,33.389477,27.745743,14221.0
LC08_233082_20150605_98,20437,33.389477,27.745743,21970.5
LC08_233082_20150605_99,7430,33.389477,27.745743,7944.0
LC08_233082_20150605_100,16114,33.389477,27.745743,16861.0
LC08_233082_20150605_101,12789,33.389477,27.745743,12511.0
LC08_233082_20150605_102,7486,33.389477,27.745743,11408.5
LC08_233082_20150605_103,16668,33.389477,27.745743,16589.0
LC08_233082_20150605_104,13336,33.389477,27.745743,13369.0
LC08_233082_20150605_105,7310,33.389477,27.745743,7684.0
LC08_233082_20150605_106,10960,33.389477,27.745743,12896.0
LC08_233082_20150605_107,12264,33.389477,27.745743,12653.0
